{
  "summary": {
    "architecture": "EfficientNet-B0",
    "config": {
      "arch": "EfficientNet-B0",
      "optimizer": "adamw",
      "lr_phase1": 0.001,
      "lr_phase2": 0.0001,
      "weight_decay": 0.0001,
      "batch_size": 32,
      "dropout": 0.3,
      "warmup_epochs": 3,
      "grad_clip": null,
      "epochs_phase1": 10,
      "epochs_phase2": 90,
      "patience": 20,
      "label_smoothing": 0.1
    },
    "best_epoch": 49,
    "top1_accuracy": 99.06201146430432,
    "top5_accuracy": 99.89577905158937,
    "macro_f1": 0.9823427833862216,
    "macro_f1_ci": [
      0.9640119415355821,
      0.992907504299491
    ],
    "weighted_f1": 0.9905722280962349,
    "f1_vokal_A": 0.9938582876189164,
    "f1_non_A": 0.9647979797979799,
    "gap": 0.029060307820936493,
    "per_group": {
      "Vokal A": {
        "n_classes": 20,
        "n_samples": 1518,
        "accuracy": 99.34123847167325,
        "f1_macro": 0.9938582876189164
      },
      "Vokal E": {
        "n_classes": 20,
        "n_samples": 81,
        "accuracy": 98.76543209876543,
        "f1_macro": 0.9888888888888889
      },
      "Vokal I": {
        "n_classes": 20,
        "n_samples": 80,
        "accuracy": 100.0,
        "f1_macro": 1.0
      },
      "Vokal O": {
        "n_classes": 20,
        "n_samples": 80,
        "accuracy": 97.5,
        "f1_macro": 0.9746031746031747
      },
      "Vokal U": {
        "n_classes": 20,
        "n_samples": 80,
        "accuracy": 98.75,
        "f1_macro": 0.9873015873015873
      },
      "Vokal È": {
        "n_classes": 20,
        "n_samples": 80,
        "accuracy": 95.0,
        "f1_macro": 0.8731962481962483
      }
    }
  },
  "full_report": {
    "Vokal A_ba": {
      "precision": 1.0,
      "recall": 1.0,
      "f1-score": 1.0,
      "support": 71.0
    },
    "Vokal A_ca": {
      "precision": 1.0,
      "recall": 0.989010989010989,
      "f1-score": 0.994475138121547,
      "support": 91.0
    },
    "Vokal A_da": {
      "precision": 0.9888888888888889,
      "recall": 0.978021978021978,
      "f1-score": 0.9834254143646409,
      "support": 91.0
    },
    "Vokal A_dha": {
      "precision": 1.0,
      "recall": 0.9891304347826086,
      "f1-score": 0.994535519125683,
      "support": 92.0
    },
    "Vokal A_ga": {
      "precision": 1.0,
      "recall": 0.9864864864864865,
      "f1-score": 0.9931972789115646,
      "support": 74.0
    },
    "Vokal A_ha": {
      "precision": 0.9701492537313433,
      "recall": 1.0,
      "f1-score": 0.9848484848484849,
      "support": 65.0
    },
    "Vokal A_ja": {
      "precision": 1.0,
      "recall": 1.0,
      "f1-score": 1.0,
      "support": 93.0
    },
    "Vokal A_ka": {
      "precision": 1.0,
      "recall": 1.0,
      "f1-score": 1.0,
      "support": 66.0
    },
    "Vokal A_la": {
      "precision": 0.9852941176470589,
      "recall": 1.0,
      "f1-score": 0.9925925925925926,
      "support": 67.0
    },
    "Vokal A_ma": {
      "precision": 1.0,
      "recall": 0.9891304347826086,
      "f1-score": 0.994535519125683,
      "support": 92.0
    },
    "Vokal A_na": {
      "precision": 0.989010989010989,
      "recall": 0.989010989010989,
      "f1-score": 0.989010989010989,
      "support": 91.0
    },
    "Vokal A_nga": {
      "precision": 1.0,
      "recall": 1.0,
      "f1-score": 1.0,
      "support": 16.0
    },
    "Vokal A_nya": {
      "precision": 1.0,
      "recall": 1.0,
      "f1-score": 1.0,
      "support": 69.0
    },
    "Vokal A_pa": {
      "precision": 0.9894736842105263,
      "recall": 1.0,
      "f1-score": 0.9947089947089947,
      "support": 94.0
    },
    "Vokal A_ra": {
      "precision": 0.972972972972973,
      "recall": 1.0,
      "f1-score": 0.9863013698630136,
      "support": 72.0
    },
    "Vokal A_sa": {
      "precision": 0.9894736842105263,
      "recall": 1.0,
      "f1-score": 0.9947089947089947,
      "support": 94.0
    },
    "Vokal A_ta": {
      "precision": 1.0,
      "recall": 0.9705882352941176,
      "f1-score": 0.9850746268656716,
      "support": 68.0
    },
    "Vokal A_tha": {
      "precision": 1.0,
      "recall": 1.0,
      "f1-score": 1.0,
      "support": 16.0
    },
    "Vokal A_wa": {
      "precision": 0.9891304347826086,
      "recall": 1.0,
      "f1-score": 0.994535519125683,
      "support": 91.0
    },
    "Vokal A_ya": {
      "precision": 1.0,
      "recall": 0.9904761904761905,
      "f1-score": 0.9952153110047847,
      "support": 105.0
    },
    "Vokal E_be": {
      "precision": 1.0,
      "recall": 1.0,
      "f1-score": 1.0,
      "support": 4.0
    },
    "Vokal E_ce": {
      "precision": 1.0,
      "recall": 1.0,
      "f1-score": 1.0,
      "support": 4.0
    },
    "Vokal E_de": {
      "precision": 1.0,
      "recall": 1.0,
      "f1-score": 1.0,
      "support": 4.0
    },
    "Vokal E_dhe": {
      "precision": 0.8,
      "recall": 1.0,
      "f1-score": 0.8888888888888888,
      "support": 4.0
    },
    "Vokal E_ge": {
      "precision": 1.0,
      "recall": 1.0,
      "f1-score": 1.0,
      "support": 4.0
    },
    "Vokal E_he": {
      "precision": 1.0,
      "recall": 0.8,
      "f1-score": 0.8888888888888888,
      "support": 5.0
    },
    "Vokal E_je": {
      "precision": 1.0,
      "recall": 1.0,
      "f1-score": 1.0,
      "support": 4.0
    },
    "Vokal E_ke": {
      "precision": 1.0,
      "recall": 1.0,
      "f1-score": 1.0,
      "support": 4.0
    },
    "Vokal E_le": {
      "precision": 1.0,
      "recall": 1.0,
      "f1-score": 1.0,
      "support": 4.0
    },
    "Vokal E_me": {
      "precision": 1.0,
      "recall": 1.0,
      "f1-score": 1.0,
      "support": 4.0
    },
    "Vokal E_ne": {
      "precision": 1.0,
      "recall": 1.0,
      "f1-score": 1.0,
      "support": 4.0
    },
    "Vokal E_nge": {
      "precision": 1.0,
      "recall": 1.0,
      "f1-score": 1.0,
      "support": 4.0
    },
    "Vokal E_nye": {
      "precision": 1.0,
      "recall": 1.0,
      "f1-score": 1.0,
      "support": 4.0
    },
    "Vokal E_pe": {
      "precision": 1.0,
      "recall": 1.0,
      "f1-score": 1.0,
      "support": 4.0
    },
    "Vokal E_re": {
      "precision": 1.0,
      "recall": 1.0,
      "f1-score": 1.0,
      "support": 4.0
    },
    "Vokal E_se": {
      "precision": 1.0,
      "recall": 1.0,
      "f1-score": 1.0,
      "support": 4.0
    },
    "Vokal E_te": {
      "precision": 1.0,
      "recall": 1.0,
      "f1-score": 1.0,
      "support": 4.0
    },
    "Vokal E_the": {
      "precision": 1.0,
      "recall": 1.0,
      "f1-score": 1.0,
      "support": 4.0
    },
    "Vokal E_we": {
      "precision": 1.0,
      "recall": 1.0,
      "f1-score": 1.0,
      "support": 4.0
    },
    "Vokal E_ye": {
      "precision": 1.0,
      "recall": 1.0,
      "f1-score": 1.0,
      "support": 4.0
    },
    "Vokal I_bi": {
      "precision": 1.0,
      "recall": 1.0,
      "f1-score": 1.0,
      "support": 4.0
    },
    "Vokal I_ci": {
      "precision": 1.0,
      "recall": 1.0,
      "f1-score": 1.0,
      "support": 4.0
    },
    "Vokal I_dhi": {
      "precision": 1.0,
      "recall": 1.0,
      "f1-score": 1.0,
      "support": 4.0
    },
    "Vokal I_di": {
      "precision": 1.0,
      "recall": 1.0,
      "f1-score": 1.0,
      "support": 4.0
    },
    "Vokal I_gi": {
      "precision": 1.0,
      "recall": 1.0,
      "f1-score": 1.0,
      "support": 4.0
    },
    "Vokal I_hi": {
      "precision": 1.0,
      "recall": 1.0,
      "f1-score": 1.0,
      "support": 4.0
    },
    "Vokal I_ji": {
      "precision": 1.0,
      "recall": 1.0,
      "f1-score": 1.0,
      "support": 4.0
    },
    "Vokal I_ki": {
      "precision": 1.0,
      "recall": 1.0,
      "f1-score": 1.0,
      "support": 4.0
    },
    "Vokal I_li": {
      "precision": 1.0,
      "recall": 1.0,
      "f1-score": 1.0,
      "support": 4.0
    },
    "Vokal I_mi": {
      "precision": 0.8,
      "recall": 1.0,
      "f1-score": 0.8888888888888888,