{
  "train_loss": [
    3.5996710935279137,
    2.9780618687537825,
    2.814541935419238,
    2.735282825525938,
    2.6890899810132285,
    2.6680632824032253,
    2.6485305759511157,
    2.62598523361842,
    2.623823239245498,
    2.6219826225799823,
    1.799721650685994,
    1.309840533504917,
    1.0925766057455517,
    0.9937144299477176,
    0.9441215350949216,
    0.9157031828754755,
    0.8956405686019644,
    0.8822524141782415,
    0.8715375630956474,
    0.862924896475867,
    0.8591723393137132,
    0.8518006241033679,
    0.8469647708820758,
    0.844444959753676,
    0.8403499695704343,
    0.8386351687633907,
    0.8370444078626215,
    0.8333350740139034,
    0.8332615528809997,
    0.8315736299333744,
    0.8301931684774351,
    0.8288253160985344,
    0.8281579835697819,
    0.8265612326297349,
    0.8269001907449176,
    0.8257651202897226,
    0.8250605833434465,
    0.8243583575281902,
    0.8243801716240126,
    0.8237976128545497,
    0.8230161535123885,
    0.8235907608272193,
    0.8234533201995003,
    0.8209943339689092,
    0.8219508733510413,
    0.8189826702334856,
    0.8184631172262888,
    0.8179457157594884,
    0.8179280109109583,
    0.8175449583722969,
    0.8177767507505553,
    0.8174876625585543,
    0.817666984873603,
    0.8164896393682826,
    0.8164560293414568,
    0.8161904984125996,
    0.8161021994881987,
    0.8157542667336911,
    0.8156151487808109,
    0.8157474998374074,
    0.8156532511838657,
    0.8152467998985314,
    0.815507177748144,
    0.8153904894022965,
    0.8154078841178456,
    0.8153591086758604,
    0.8152153795244043,
    0.815101164528315,
    0.8152489140540772
  ],
  "train_acc": [
    0.22736951441184108,
    0.37192936899506623,
    0.41303557517527917,
    0.4371851467151389,
    0.4496754089846793,
    0.45383017398078423,
    0.4608673071929369,
    0.46585302518826277,
    0.4696702155284342,
    0.4712801869644248,
    0.7521942352635679,
    0.9265125941313944,
    0.9760841339911711,
    0.988314723448455,
    0.992755128538042,
    0.9946767073487406,
    0.9957933004414438,
    0.9967021552843417,
    0.9972734354713062,
    0.9982861594391067,
    0.997662944689691,
    0.998338094001558,
    0.9988574396260711,
    0.9987016359387172,
    0.9990392105946507,
    0.9990132433134251,
    0.9988834069072968,
    0.9993248506881329,
    0.999169047000779,
    0.9991950142820046,
    0.9993508179693587,
    0.9993508179693587,
    0.9994806543754868,
    0.9995325889379382,
    0.9993508179693587,
    0.9993508179693587,
    0.9994546870942612,
    0.9994287198130356,
    0.9994027525318099,
    0.9994546870942612,
    0.9995585562191639,
    0.9992209815632304,
    0.999169047000779,
    0.9996104907816151,
    0.9994806543754868,
    0.9997922617501948,
    0.9998961308750973,
    0.9997922617501948,
    0.9998182290314204,
    0.999922098156323,
    0.9998441963126461,
    0.9997662944689691,
    0.9997662944689691,
    0.9998961308750973,
    0.9998961308750973,
    0.9998961308750973,
    0.9998441963126461,
    0.999922098156323,
    0.9999480654375487,
    0.9998701635938717,
    0.9998701635938717,
    1.0,
    0.9998961308750973,
    0.999922098156323,
    0.999922098156323,
    0.9998961308750973,
    0.9999740327187744,
    0.9999740327187744,
    0.9998961308750973
  ],
  "val_loss": [
    3.258631812719875,
    3.048029755000098,
    2.9739600256743413,
    2.970735413992185,
    3.021731332002771,
    2.9566641324322074,
    2.9354971117517548,
    2.8755937925992296,
    2.8564780953877995,
    2.9036623512052704,
    1.9705283083417284,
    1.562321769051741,
    1.3464831815477587,
    1.2529399968712873,
    1.203505451350055,
    1.1734557552268345,
    1.1439722924341764,
    1.1334626205544553,
    1.1270306704762663,
    1.1136866334498827,
    1.1039930077622628,
    1.0999343031741442,
    1.0832890312787606,
    1.0923743193345472,
    1.097542446142072,
    1.0797287237717494,
    1.0856437241984453,
    1.075176004193361,
    1.0832136782805568,
    1.0823431873934573,
    1.0718914688866255,
    1.0712969382426272,
    1.0714545649746532,
    1.0805714085090088,
    1.0716057435102873,
    1.0798681675888027,
    1.0835474154481413,
    1.0764128901959797,
    1.0786165821945422,
    1.0707125556142454,
    1.0593088713353276,
    1.071810725149727,
    1.0841065914088484,
    1.0668613601823704,
    1.0780573150443924,
    1.0694793716297928,
    1.0709988301262767,
    1.0615361854309073,
    1.0632455227027198,
    1.059730945918199,
    1.0610742951452299,
    1.0669300425579056,
    1.0659090428461637,
    1.0629267771527913,
    1.0632661861237898,
    1.0622193913275866,
    1.0630858023783694,
    1.0631019500062877,
    1.0643174261804265,
    1.0626258694172706,
    1.0630111108951026,
    1.0639239422364766,
    1.063634898957092,
    1.0646397288515956,
    1.0654235659797076,
    1.0647626352283526,
    1.0663064229148536,
    1.0649126361307983,
    1.064147176723896
  ],
  "val_acc": [
    0.2990497484628284,
    0.35494689770821686,
    0.3856903297931806,
    0.4041363890441588,
    0.4024594745667971,
    0.3890441587479039,
    0.41643376187814424,
    0.42984907769703745,
    0.45276690888764676,
    0.4102850754611515,
    0.7730575740637228,
    0.9044158747903857,
    0.9418669647847959,
    0.9591950810508664,
    0.9698155394074902,
    0.9720514253773057,
    0.9809949692565679,
    0.9787590832867524,
    0.9849077697037452,
    0.9826718837339296,
    0.9821129122414757,
    0.9809949692565679,
    0.9860257126886529,
    0.9826718837339296,
    0.9782001117942984,
    0.9843487982112912,
    0.985466741196199,
    0.9849077697037452,
    0.9821129122414757,
    0.9832308552263834,
    0.9849077697037452,
    0.985466741196199,
    0.9871436556735607,
    0.9849077697037452,
    0.9860257126886529,
    0.985466741196199,
    0.9849077697037452,
    0.9871436556735607,
    0.9849077697037452,
    0.9865846841811068,
    0.98993851313583,
    0.9849077697037452,
    0.9821129122414757,
    0.9877026271660145,
    0.9849077697037452,
    0.9849077697037452,
    0.985466741196199,
    0.9888205701509223,
    0.98993851313583,
    0.9882615986584684,
    0.9877026271660145,
    0.985466741196199,
    0.9871436556735607,
    0.9888205701509223,
    0.9893795416433762,
    0.9871436556735607,
    0.9865846841811068,
    0.9877026271660145,
    0.9871436556735607,
    0.9877026271660145,
    0.9877026271660145,
    0.9871436556735607,
    0.9871436556735607,
    0.9877026271660145,
    0.9882615986584684,
    0.9877026271660145,
    0.9871436556735607,
    0.9877026271660145,
    0.9888205701509223
  ],