{
  "summary": {
    "architecture": "ResNet-18",
    "config": {
      "arch": "ResNet-18",
      "optimizer": "sgd",
      "lr_phase1": 0.02,
      "lr_phase2": 0.001,
      "weight_decay": 0.0005,
      "batch_size": 32,
      "dropout": 0.2,
      "warmup_epochs": 0,
      "grad_clip": null,
      "epochs_phase1": 10,
      "epochs_phase2": 90,
      "patience": 20,
      "label_smoothing": 0.1
    },
    "best_epoch": 51,
    "top1_accuracy": 97.70713913496613,
    "top5_accuracy": 99.6873371547681,
    "macro_f1": 0.9320885682690189,
    "macro_f1_ci": [
      0.8952128492320872,
      0.9488954901783845
    ],
    "weighted_f1": 0.9765528646424951,
    "f1_vokal_A": 0.9009831282588828,
    "f1_non_A": 0.8593454270597128,
    "gap": 0.041637701199169985,
    "per_group": {
      "Vokal A": {
        "n_classes": 20,
        "n_samples": 1518,
        "accuracy": 99.14361001317523,
        "f1_macro": 0.9009831282588828
      },
      "Vokal E": {
        "n_classes": 20,
        "n_samples": 81,
        "accuracy": 92.5925925925926,
        "f1_macro": 0.8805744520030235
      },
      "Vokal I": {
        "n_classes": 20,
        "n_samples": 80,
        "accuracy": 96.25,
        "f1_macro": 0.9213907785336356
      },
      "Vokal O": {
        "n_classes": 20,
        "n_samples": 80,
        "accuracy": 91.25,
        "f1_macro": 0.9126190476190477
      },
      "Vokal U": {
        "n_classes": 20,
        "n_samples": 80,
        "accuracy": 95.0,
        "f1_macro": 0.8710317460317459
      },
      "Vokal È": {
        "n_classes": 20,
        "n_samples": 80,
        "accuracy": 86.25,
        "f1_macro": 0.711111111111111
      }
    }
  },
  "full_report": {
    "Vokal A_ba": {
      "precision": 0.9857142857142858,
      "recall": 0.971830985915493,
      "f1-score": 0.9787234042553191,
      "support": 71.0
    },
    "Vokal A_ca": {
      "precision": 1.0,
      "recall": 0.989010989010989,
      "f1-score": 0.994475138121547,
      "support": 91.0
    },
    "Vokal A_da": {
      "precision": 0.9782608695652174,
      "recall": 0.989010989010989,
      "f1-score": 0.9836065573770492,
      "support": 91.0
    },
    "Vokal A_dha": {
      "precision": 1.0,
      "recall": 1.0,
      "f1-score": 1.0,
      "support": 92.0
    },
    "Vokal A_ga": {
      "precision": 1.0,
      "recall": 1.0,
      "f1-score": 1.0,
      "support": 74.0
    },
    "Vokal A_ha": {
      "precision": 0.9420289855072463,
      "recall": 1.0,
      "f1-score": 0.9701492537313433,
      "support": 65.0
    },
    "Vokal A_ja": {
      "precision": 1.0,
      "recall": 1.0,
      "f1-score": 1.0,
      "support": 93.0
    },
    "Vokal A_ka": {
      "precision": 1.0,
      "recall": 1.0,
      "f1-score": 1.0,
      "support": 66.0
    },
    "Vokal A_la": {
      "precision": 1.0,
      "recall": 1.0,
      "f1-score": 1.0,
      "support": 67.0
    },
    "Vokal A_ma": {
      "precision": 1.0,
      "recall": 0.967391304347826,
      "f1-score": 0.9834254143646409,
      "support": 92.0
    },
    "Vokal A_na": {
      "precision": 1.0,
      "recall": 0.989010989010989,
      "f1-score": 0.994475138121547,
      "support": 91.0
    },
    "Vokal A_nga": {
      "precision": 0.9411764705882353,
      "recall": 1.0,
      "f1-score": 0.9696969696969697,
      "support": 16.0
    },
    "Vokal A_nya": {
      "precision": 0.9714285714285714,
      "recall": 0.9855072463768116,
      "f1-score": 0.9784172661870504,
      "support": 69.0
    },
    "Vokal A_pa": {
      "precision": 1.0,
      "recall": 0.9893617021276596,
      "f1-score": 0.9946524064171123,
      "support": 94.0
    },
    "Vokal A_ra": {
      "precision": 1.0,
      "recall": 1.0,
      "f1-score": 1.0,
      "support": 72.0
    },
    "Vokal A_sa": {
      "precision": 0.9690721649484536,
      "recall": 1.0,
      "f1-score": 0.9842931937172775,
      "support": 94.0
    },
    "Vokal A_ta": {
      "precision": 1.0,
      "recall": 0.9558823529411765,
      "f1-score": 0.9774436090225563,
      "support": 68.0
    },
    "Vokal A_tha": {
      "precision": 1.0,
      "recall": 1.0,
      "f1-score": 1.0,
      "support": 16.0
    },
    "Vokal A_wa": {
      "precision": 1.0,
      "recall": 1.0,
      "f1-score": 1.0,
      "support": 91.0
    },
    "Vokal A_ya": {
      "precision": 1.0,
      "recall": 1.0,
      "f1-score": 1.0,
      "support": 105.0
    },
    "Vokal E_be": {
      "precision": 0.6666666666666666,
      "recall": 1.0,
      "f1-score": 0.8,
      "support": 4.0
    },
    "Vokal E_ce": {
      "precision": 1.0,
      "recall": 1.0,
      "f1-score": 1.0,
      "support": 4.0
    },
    "Vokal E_de": {
      "precision": 1.0,
      "recall": 1.0,
      "f1-score": 1.0,
      "support": 4.0
    },
    "Vokal E_dhe": {
      "precision": 0.8,
      "recall": 1.0,
      "f1-score": 0.8888888888888888,
      "support": 4.0
    },
    "Vokal E_ge": {
      "precision": 1.0,
      "recall": 1.0,
      "f1-score": 1.0,
      "support": 4.0
    },
    "Vokal E_he": {
      "precision": 0.8,
      "recall": 0.8,
      "f1-score": 0.8,
      "support": 5.0
    },
    "Vokal E_je": {
      "precision": 1.0,
      "recall": 1.0,
      "f1-score": 1.0,
      "support": 4.0
    },
    "Vokal E_ke": {
      "precision": 1.0,
      "recall": 1.0,
      "f1-score": 1.0,
      "support": 4.0
    },
    "Vokal E_le": {
      "precision": 1.0,
      "recall": 1.0,
      "f1-score": 1.0,
      "support": 4.0
    },
    "Vokal E_me": {
      "precision": 0.8,
      "recall": 1.0,
      "f1-score": 0.8888888888888888,
      "support": 4.0
    },
    "Vokal E_ne": {
      "precision": 1.0,
      "recall": 1.0,
      "f1-score": 1.0,
      "support": 4.0
    },
    "Vokal E_nge": {
      "precision": 0.5,
      "recall": 0.25,
      "f1-score": 0.3333333333333333,
      "support": 4.0
    },
    "Vokal E_nye": {
      "precision": 1.0,
      "recall": 0.75,
      "f1-score": 0.8571428571428571,
      "support": 4.0
    },
    "Vokal E_pe": {
      "precision": 1.0,
      "recall": 1.0,
      "f1-score": 1.0,
      "support": 4.0
    },
    "Vokal E_re": {
      "precision": 1.0,
      "recall": 1.0,
      "f1-score": 1.0,
      "support": 4.0
    },
    "Vokal E_se": {
      "precision": 1.0,
      "recall": 1.0,
      "f1-score": 1.0,
      "support": 4.0
    },
    "Vokal E_te": {
      "precision": 1.0,
      "recall": 0.75,
      "f1-score": 0.8571428571428571,
      "support": 4.0
    },
    "Vokal E_the": {
      "precision": 0.8,
      "recall": 1.0,
      "f1-score": 0.8888888888888888,
      "support": 4.0
    },
    "Vokal E_we": {
      "precision": 1.0,
      "recall": 1.0,
      "f1-score": 1.0,
      "support": 4.0
    },
    "Vokal E_ye": {
      "precision": 1.0,
      "recall": 1.0,
      "f1-score": 1.0,
      "support": 4.0
    },
    "Vokal I_bi": {
      "precision": 0.6666666666666666,
      "recall": 1.0,
      "f1-score": 0.8,
      "support": 4.0
    },
    "Vokal I_ci": {
      "precision": 0.8,
      "recall": 1.0,
      "f1-score": 0.8888888888888888,
      "support": 4.0
    },
    "Vokal I_dhi": {
      "precision": 0.6,
      "recall": 0.75,
      "f1-score": 0.6666666666666666,
      "support": 4.0
    },
    "Vokal I_di": {
      "precision": 1.0,
      "recall": 0.75,
      "f1-score": 0.8571428571428571,
      "support": 4.0
    },
    "Vokal I_gi": {
      "precision": 1.0,
      "recall": 1.0,
      "f1-score": 1.0,
      "support": 4.0
    },
    "Vokal I_hi": {
      "precision": 1.0,
      "recall": 1.0,
      "f1-score": 1.0,
      "support": 4.0
    },
    "Vokal I_ji": {
      "precision": 1.0,
      "recall": 1.0,
      "f1-score": 1.0,
      "support": 4.0
    },
    "Vokal I_ki": {
      "precision": 1.0,
      "recall": 1.0,
      "f1-score": 1.0,
      "support": 4.0
    },
    "Vokal I_li": {
      "precision": 1.0,
      "recall": 1.0,
      "f1-score": 1.0,
      "support": 4.0
    },