{
  "train_loss": [
    3.3413794717365226,
    2.897481328882016,
    2.845336052115259,
    2.843252713077875,
    2.82756663344489,
    2.823253106773751,
    2.820341108495989,
    2.8161525070063638,
    2.827597514786246,
    2.814485728774743,
    1.4611733742238207,
    1.1341449401682613,
    1.0597331764418811,
    1.0206176748278233,
    0.9944807950288281,
    0.9745742427439109,
    0.9580298648627199,
    0.9479490120297622,
    0.9366213167465931,
    0.9282997178461793,
    0.9211707208287218,
    0.9151976900761916,
    0.9091335126438007,
    0.9051153301604535,
    0.8997440332996167,
    0.8960636786317491,
    0.8923870708068852,
    0.888733908257773,
    0.8857966772706996,
    0.8826072856532354,
    0.8794562769227138,
    0.877673666800997,
    0.8756233946901271,
    0.8730073819219896,
    0.8716124435982993,
    0.8693019196356281,
    0.8677692049634949,
    0.8659122865158563,
    0.8640928095391867,
    0.8628014839893501,
    0.8616177182543033,
    0.8590546191187531,
    0.8575417997650715,
    0.8570175920638503,
    0.8566108542490365,
    0.8554964573282416,
    0.8552808091319155,
    0.8548037184086504,
    0.8544364396208944,
    0.854146686373547,
    0.8537597821180433,
    0.8535496105066803,
    0.8531719342357801,
    0.8532444016031401,
    0.8529396676918155,
    0.8530198522061071,
    0.8531321476292716,
    0.8527460031341002,
    0.8524186328057344,
    0.8523975607482714,
    0.8525723771348119,
    0.8522651506968518,
    0.8523686691805221,
    0.8523957966303274,
    0.8526524257579428,
    0.8527089952493884,
    0.8525088351195709,
    0.8522179602059845,
    0.8525192197840792,
    0.8520552872125591,
    0.8521075732891853
  ],
  "train_acc": [
    0.29511815112957673,
    0.4131394443001818,
    0.43329005453129055,
    0.4384315762139704,
    0.44209296286678784,
    0.4429498831472345,
    0.44339132692807065,
    0.44661126980005195,
    0.44128797714879253,
    0.44770189561152945,
    0.8878732796676188,
    0.9758504284601403,
    0.9880290833549727,
    0.992235782913529,
    0.9945988055050636,
    0.9957413658789924,
    0.9970916645027266,
    0.9971176317839522,
    0.9977927810958193,
    0.9982342248766554,
    0.9987276032199429,
    0.9985977668138146,
    0.9988834069072968,
    0.9988314723448455,
    0.9992729161256816,
    0.999246948844456,
    0.9994287198130356,
    0.9993248506881329,
    0.9994806543754868,
    0.9991950142820046,
    0.9996364580628408,
    0.9995845235003895,
    0.9994546870942612,
    0.9996364580628408,
    0.9995845235003895,
    0.9996624253440665,
    0.9994806543754868,
    0.9995585562191639,
    0.9996883926252921,
    0.9996624253440665,
    0.9996883926252921,
    0.9996883926252921,
    0.9998701635938717,
    0.9997403271877434,
    0.9997662944689691,
    0.9999480654375487,
    0.9997662944689691,
    0.9998182290314204,
    0.9997922617501948,
    0.9998441963126461,
    0.9998701635938717,
    0.9997922617501948,
    0.999922098156323,
    0.9998701635938717,
    0.9998441963126461,
    0.9997922617501948,
    0.9997403271877434,
    0.9998701635938717,
    0.9998961308750973,
    0.999922098156323,
    0.9998701635938717,
    0.9997922617501948,
    0.9998182290314204,
    0.9997143599065178,
    0.9998701635938717,
    0.9997662944689691,
    0.9998441963126461,
    0.9998182290314204,
    0.9997403271877434,
    0.9998701635938717,
    0.9997403271877434
  ],
  "val_loss": [
    2.939211209837187,
    2.996393149628061,
    2.9452940214273315,
    2.973582613461507,
    2.9138888759677006,
    2.8819931122495714,
    2.868648694439798,
    3.0179834167273634,
    2.8256436153921487,
    2.94094062584482,
    1.5289147330636483,
    1.4127420319599302,
    1.3623345342676623,
    1.3308714315037011,
    1.3235323867563298,
    1.294051439686152,
    1.2808327697521484,
    1.269901610273699,
    1.2592215424746092,
    1.2607034954563607,
    1.2473269655026158,
    1.2420735057337182,
    1.237306115812533,
    1.2327132309662556,
    1.2333476495449605,
    1.2206814113177689,
    1.2214825176006592,
    1.2222220747080377,
    1.2152042347602567,
    1.2092947874607622,
    1.2079582357619847,
    1.2021281975084606,
    1.2008439299112728,
    1.2003448931713754,
    1.201346393335192,
    1.1962024671795517,
    1.1939383967753028,
    1.193257425603019,
    1.196191311948722,
    1.1930040852059993,
    1.1876825578656525,
    1.1873618555575394,
    1.1876279252944144,
    1.1862310179789817,
    1.1859460711945629,
    1.1849001650706292,
    1.1868159721655975,
    1.1854241737911593,
    1.1837301619430038,
    1.1852113564231663,
    1.1838767657138702,
    1.1858002407181656,
    1.1855065150924606,
    1.1854523417002132,
    1.1837519208701248,
    1.1851735212337777,
    1.1842139850054592,
    1.1844731127502799,
    1.184763702418699,
    1.1847780771665963,
    1.1833900235230994,
    1.1849275292332042,
    1.1842648793093116,
    1.1845270562531762,
    1.184180193936245,
    1.1847931380509131,
    1.1839301060404173,
    1.1841394142973949,
    1.18416007568611,
    1.1837451909759846,
    1.1838914046013003
  ],
  "val_acc": [
    0.4589155953046395,
    0.4276131917272219,
    0.4577976523197317,
    0.4684181106763555,
    0.47344885410844045,
    0.48127445500279487,
    0.4868641699273337,
    0.4304080491894913,
    0.5125768585802124,
    0.4460592509782001,
    0.9195081050866406,
    0.9351593068753493,
    0.9407490217998882,
    0.9541643376187814,
    0.9552822806036892,
    0.9558412520961431,
    0.9597540525433202,
    0.9636668529904975,
    0.9647847959754052,
    0.9653437674678591,
    0.9681386249301286,
    0.9675796534376747,
    0.9664617104527669,
    0.9703745108999441,
    0.9675796534376747,
    0.9720514253773057,
    0.9698155394074902,
    0.9670206819452208,
    0.9731693683622136,
    0.9720514253773057,
    0.9737283398546674,
    0.9731693683622136,
    0.9731693683622136,
    0.975964225824483,
    0.9737283398546674,
    0.9748462828395752,
    0.9765231973169368,
    0.9765231973169368,
    0.975964225824483,
    0.9737283398546674,
    0.9754052543320291,
    0.975964225824483,
    0.975964225824483,
    0.975964225824483,
    0.975964225824483,
    0.9765231973169368,
    0.9754052543320291,
    0.9765231973169368,
    0.9770821688093907,
    0.975964225824483,
    0.9776411403018446,
    0.975964225824483,
    0.975964225824483,
    0.975964225824483,
    0.9765231973169368,
    0.9765231973169368,
    0.975964225824483,
    0.9770821688093907,
    0.9765231973169368,
    0.9765231973169368,
    0.975964225824483,
    0.9765231973169368,
    0.975964225824483,
    0.9770821688093907,
    0.975964225824483,
    0.9754052543320291,
    0.9765231973169368,
    0.9765231973169368,
    0.9770821688093907,
    0.9765231973169368,
    0.9765231973169368
  ],