{
  "summary": {
    "architecture": "MobileNetV3-Large",
    "config": {
      "arch": "MobileNetV3-Large",
      "optimizer": "adamw",
      "lr_phase1": 0.001,
      "lr_phase2": 8e-05,
      "weight_decay": 1e-05,
      "batch_size": 32,
      "dropout": 0.2,
      "warmup_epochs": 3,
      "grad_clip": null,
      "epochs_phase1": 10,
      "epochs_phase2": 90,
      "patience": 20,
      "label_smoothing": 0.1
    },
    "best_epoch": 50,
    "top1_accuracy": 98.74934861907244,
    "top5_accuracy": 99.89577905158937,
    "macro_f1": 0.9662790546947078,
    "macro_f1_ci": [
      0.939876287356354,
      0.9775919203249707
    ],
    "weighted_f1": 0.9874356629714254,
    "f1_vokal_A": 0.993514876508795,
    "f1_non_A": 0.9366774204631347,
    "gap": 0.05683745604566026,
    "per_group": {
      "Vokal A": {
        "n_classes": 20,
        "n_samples": 1518,
        "accuracy": 99.4729907773386,
        "f1_macro": 0.993514876508795
      },
      "Vokal E": {
        "n_classes": 20,
        "n_samples": 81,
        "accuracy": 97.53086419753086,
        "f1_macro": 0.9761904761904763
      },
      "Vokal I": {
        "n_classes": 20,
        "n_samples": 80,
        "accuracy": 97.5,
        "f1_macro": 0.9746031746031747
      },
      "Vokal O": {
        "n_classes": 20,
        "n_samples": 80,
        "accuracy": 93.75,
        "f1_macro": 0.9378174603174603
      },
      "Vokal U": {
        "n_classes": 20,
        "n_samples": 80,
        "accuracy": 96.25,
        "f1_macro": 0.9215797430083145
      },
      "Vokal È": {
        "n_classes": 20,
        "n_samples": 80,
        "accuracy": 95.0,
        "f1_macro": 0.8731962481962483
      }
    }
  },
  "full_report": {
    "Vokal A_ba": {
      "precision": 1.0,
      "recall": 1.0,
      "f1-score": 1.0,
      "support": 71.0
    },
    "Vokal A_ca": {
      "precision": 1.0,
      "recall": 1.0,
      "f1-score": 1.0,
      "support": 91.0
    },
    "Vokal A_da": {
      "precision": 1.0,
      "recall": 0.989010989010989,
      "f1-score": 0.994475138121547,
      "support": 91.0
    },
    "Vokal A_dha": {
      "precision": 1.0,
      "recall": 0.9891304347826086,
      "f1-score": 0.994535519125683,
      "support": 92.0
    },
    "Vokal A_ga": {
      "precision": 1.0,
      "recall": 1.0,
      "f1-score": 1.0,
      "support": 74.0
    },
    "Vokal A_ha": {
      "precision": 0.9552238805970149,
      "recall": 0.9846153846153847,
      "f1-score": 0.9696969696969697,
      "support": 65.0
    },
    "Vokal A_ja": {
      "precision": 1.0,
      "recall": 1.0,
      "f1-score": 1.0,
      "support": 93.0
    },
    "Vokal A_ka": {
      "precision": 0.9850746268656716,
      "recall": 1.0,
      "f1-score": 0.9924812030075187,
      "support": 66.0
    },
    "Vokal A_la": {
      "precision": 0.9852941176470589,
      "recall": 1.0,
      "f1-score": 0.9925925925925926,
      "support": 67.0
    },
    "Vokal A_ma": {
      "precision": 1.0,
      "recall": 0.9891304347826086,
      "f1-score": 0.994535519125683,
      "support": 92.0
    },
    "Vokal A_na": {
      "precision": 1.0,
      "recall": 1.0,
      "f1-score": 1.0,
      "support": 91.0
    },
    "Vokal A_nga": {
      "precision": 0.9411764705882353,
      "recall": 1.0,
      "f1-score": 0.9696969696969697,
      "support": 16.0
    },
    "Vokal A_nya": {
      "precision": 0.9857142857142858,
      "recall": 1.0,
      "f1-score": 0.9928057553956835,
      "support": 69.0
    },
    "Vokal A_pa": {
      "precision": 1.0,
      "recall": 0.9893617021276596,
      "f1-score": 0.9946524064171123,
      "support": 94.0
    },
    "Vokal A_ra": {
      "precision": 1.0,
      "recall": 1.0,
      "f1-score": 1.0,
      "support": 72.0
    },
    "Vokal A_sa": {
      "precision": 1.0,
      "recall": 1.0,
      "f1-score": 1.0,
      "support": 94.0
    },
    "Vokal A_ta": {
      "precision": 1.0,
      "recall": 0.9705882352941176,
      "f1-score": 0.9850746268656716,
      "support": 68.0
    },
    "Vokal A_tha": {
      "precision": 0.9411764705882353,
      "recall": 1.0,
      "f1-score": 0.9696969696969697,
      "support": 16.0
    },
    "Vokal A_wa": {
      "precision": 0.9891304347826086,
      "recall": 1.0,
      "f1-score": 0.994535519125683,
      "support": 91.0
    },
    "Vokal A_ya": {
      "precision": 1.0,
      "recall": 0.9904761904761905,
      "f1-score": 0.9952153110047847,
      "support": 105.0
    },
    "Vokal E_be": {
      "precision": 1.0,
      "recall": 1.0,
      "f1-score": 1.0,
      "support": 4.0
    },
    "Vokal E_ce": {
      "precision": 1.0,
      "recall": 1.0,
      "f1-score": 1.0,
      "support": 4.0
    },
    "Vokal E_de": {
      "precision": 1.0,
      "recall": 1.0,
      "f1-score": 1.0,
      "support": 4.0
    },
    "Vokal E_dhe": {
      "precision": 0.8,
      "recall": 1.0,
      "f1-score": 0.8888888888888888,
      "support": 4.0
    },
    "Vokal E_ge": {
      "precision": 1.0,
      "recall": 1.0,
      "f1-score": 1.0,
      "support": 4.0
    },
    "Vokal E_he": {
      "precision": 1.0,
      "recall": 0.8,
      "f1-score": 0.8888888888888888,
      "support": 5.0
    },
    "Vokal E_je": {
      "precision": 1.0,
      "recall": 1.0,
      "f1-score": 1.0,
      "support": 4.0
    },
    "Vokal E_ke": {
      "precision": 1.0,
      "recall": 1.0,
      "f1-score": 1.0,
      "support": 4.0
    },
    "Vokal E_le": {
      "precision": 1.0,
      "recall": 1.0,
      "f1-score": 1.0,
      "support": 4.0
    },
    "Vokal E_me": {
      "precision": 1.0,
      "recall": 1.0,
      "f1-score": 1.0,
      "support": 4.0
    },
    "Vokal E_ne": {
      "precision": 1.0,
      "recall": 1.0,
      "f1-score": 1.0,
      "support": 4.0
    },
    "Vokal E_nge": {
      "precision": 0.8,
      "recall": 1.0,
      "f1-score": 0.8888888888888888,
      "support": 4.0
    },
    "Vokal E_nye": {
      "precision": 1.0,
      "recall": 1.0,
      "f1-score": 1.0,
      "support": 4.0
    },
    "Vokal E_pe": {
      "precision": 1.0,
      "recall": 1.0,
      "f1-score": 1.0,
      "support": 4.0
    },
    "Vokal E_re": {
      "precision": 1.0,
      "recall": 1.0,
      "f1-score": 1.0,
      "support": 4.0
    },
    "Vokal E_se": {
      "precision": 1.0,
      "recall": 1.0,
      "f1-score": 1.0,
      "support": 4.0
    },
    "Vokal E_te": {
      "precision": 1.0,
      "recall": 1.0,
      "f1-score": 1.0,
      "support": 4.0
    },
    "Vokal E_the": {
      "precision": 1.0,
      "recall": 0.75,
      "f1-score": 0.8571428571428571,
      "support": 4.0
    },
    "Vokal E_we": {
      "precision": 1.0,
      "recall": 1.0,
      "f1-score": 1.0,
      "support": 4.0
    },
    "Vokal E_ye": {
      "precision": 1.0,
      "recall": 1.0,
      "f1-score": 1.0,
      "support": 4.0
    },
    "Vokal I_bi": {
      "precision": 0.8,
      "recall": 1.0,
      "f1-score": 0.8888888888888888,
      "support": 4.0
    },
    "Vokal I_ci": {
      "precision": 1.0,
      "recall": 1.0,
      "f1-score": 1.0,
      "support": 4.0
    },
    "Vokal I_dhi": {
      "precision": 1.0,
      "recall": 1.0,
      "f1-score": 1.0,
      "support": 4.0
    },
    "Vokal I_di": {
      "precision": 1.0,
      "recall": 0.75,
      "f1-score": 0.8571428571428571,
      "support": 4.0
    },
    "Vokal I_gi": {
      "precision": 1.0,
      "recall": 1.0,
      "f1-score": 1.0,
      "support": 4.0
    },
    "Vokal I_hi": {
      "precision": 1.0,
      "recall": 1.0,
      "f1-score": 1.0,
      "support": 4.0
    },
    "Vokal I_ji": {
      "precision": 1.0,
      "recall": 1.0,
      "f1-score": 1.0,
      "support": 4.0
    },
    "Vokal I_ki": {
      "precision": 1.0,
      "recall": 1.0,
      "f1-score": 1.0,
      "support": 4.0
    },
    "Vokal I_li": {
      "precision": 1.0,
      "recall": 1.0,
      "f1-score": 1.0,
      "support": 4.0
    },
    "Vokal I_mi": {
      "precision": 0.8,
      "recall": 1.0,