{
  "train_loss": [
    2.967677982712188,
    2.186618901023429,
    1.9488226704460032,
    1.7988843902616618,
    1.7105382778897777,
    1.6503563308740585,
    1.6055859731532047,
    1.584096525793291,
    1.5522234888146123,
    1.5326572077579543,
    1.2456860897789308,
    1.1093485963712943,
    1.0371746508123596,
    0.9857461015022256,
    0.9539308213995699,
    0.9314240902995048,
    0.9161669525224739,
    0.9036746910626905,
    0.8932516458033897,
    0.8859725164797547,
    0.8787674641986848,
    0.8741985968724996,
    0.8687184417535657,
    0.864099945560179,
    0.862524094094985,
    0.8577651989240208,
    0.8543724529961739,
    0.8529078858730175,
    0.8498963633409509,
    0.8478371439027155,
    0.8456367883240208,
    0.8438489732108343,
    0.842389757603492,
    0.8405980744321017,
    0.8388473356088951,
    0.8371787126916812,
    0.8370815069357843,
    0.8345138653691049,
    0.8337390611649055,
    0.8327641933189062,
    0.8313617402811974,
    0.8306684421242382,
    0.8297783527179867,
    0.8300181547439553,
    0.8278571809585669,
    0.8268891947760393,
    0.8268720958363511,
    0.8260279259908295,
    0.8251119639619051,
    0.8226817102099171,
    0.8218542458081797,
    0.821558263808899,
    0.8213191473338549,
    0.821062152009913,
    0.8200187655431331,
    0.8196357019410075,
    0.8196178544251772,
    0.8193901076529807,
    0.8192463311056941,
    0.8188943215451653,
    0.8188975678546433,
    0.8187964772472317,
    0.8184299784027363,
    0.8184305076505016,
    0.8182423050296489,
    0.8182898007563509,
    0.8183486754941928,
    0.8183275556260968,
    0.8181024512325872,
    0.8181852082375334
  ],
  "train_acc": [
    0.3675928330303817,
    0.5958192677226695,
    0.67405868605557,
    0.7229550766034796,
    0.7539340431056868,
    0.7755907556478837,
    0.7909893534146974,
    0.8031420410283043,
    0.8117891456764477,
    0.8201765775123344,
    0.921189301480135,
    0.9614385873799013,
    0.9787068293949623,
    0.9883406907296806,
    0.9931446377564269,
    0.9949104128797714,
    0.9963126460659569,
    0.9971176317839522,
    0.9977927810958193,
    0.998415995845235,
    0.9987016359387172,
    0.9986756686574916,
    0.999169047000779,
    0.9995066216567126,
    0.9991430797195534,
    0.9993248506881329,
    0.9995325889379382,
    0.9993248506881329,
    0.9994027525318099,
    0.9995845235003895,
    0.9997143599065178,
    0.9995845235003895,
    0.9994287198130356,
    0.9996624253440665,
    0.9996883926252921,
    0.9997143599065178,
    0.9994546870942612,
    0.9997143599065178,
    0.9997403271877434,
    0.9996624253440665,
    0.9998961308750973,
    0.9996364580628408,
    0.9997662944689691,
    0.9994287198130356,
    0.9997403271877434,
    0.9997403271877434,
    0.9997662944689691,
    0.9997403271877434,
    0.9997403271877434,
    0.9998182290314204,
    0.999922098156323,
    0.9998441963126461,
    0.9998701635938717,
    0.999922098156323,
    0.999922098156323,
    0.9999740327187744,
    0.9998961308750973,
    0.999922098156323,
    0.9998182290314204,
    0.999922098156323,
    0.9998961308750973,
    0.9998701635938717,
    0.9999480654375487,
    0.999922098156323,
    1.0,
    0.9999480654375487,
    0.9998961308750973,
    0.9998961308750973,
    0.9999480654375487,
    0.9999480654375487
  ],
  "val_loss": [
    2.813217092853075,
    2.691347936733666,
    2.633540893147417,
    2.6785286107231214,
    2.5968989305085746,
    2.5756219566168235,
    2.601504078252546,
    2.6304748252892107,
    2.58444583515937,
    2.6851272465730927,
    1.9827436527904683,
    1.7831954902747011,
    1.6428568484464658,
    1.5434597516739548,
    1.470972417519038,
    1.426381953406294,
    1.4116383594397794,
    1.3600580051932807,
    1.3394645952925195,
    1.3171392372695343,
    1.3026548410141647,
    1.2878894160885328,
    1.2658287042875807,
    1.2501565634438017,
    1.2425733500182663,
    1.2315779353334226,
    1.2033517407997818,
    1.2004923532634157,
    1.1865290142824825,
    1.1763675276829317,
    1.1706537012283598,
    1.1616822415187147,
    1.1566972392707513,
    1.1427633293252073,
    1.141140302311048,
    1.130267709776834,
    1.1352916132344288,
    1.1224467036043084,
    1.1170231825549752,
    1.1106494003464351,
    1.1108898287581759,
    1.1058495763695526,
    1.1070176782122931,
    1.1090533011048915,
    1.0979360324034417,
    1.0922065632779083,
    1.0938039834170183,
    1.092619945644466,
    1.0902145124801115,
    1.0820322761727552,
    1.084483095625381,
    1.0838099380922823,
    1.0853242151826503,
    1.0842858233753032,
    1.0812723791219456,
    1.0843299778564606,
    1.0808755735100948,
    1.0812324356139873,
    1.0809391958211108,
    1.0801687822320596,
    1.0795665517607635,
    1.080302068146332,
    1.0783383874269488,
    1.0777835795304973,
    1.0780557779842013,
    1.0770529000168743,
    1.07805779114857,
    1.0776602732129041,
    1.0770527680803772,
    1.076964213636216
  ],
  "val_acc": [
    0.4393515930687535,
    0.4795975405254332,
    0.5064281721632197,
    0.4907769703745109,
    0.5265511458915595,
    0.534376746785914,
    0.5170486305198435,
    0.5187255449972051,
    0.5433202906651761,
    0.5030743432084964,
    0.7221911682504192,
    0.8043599776411403,
    0.8429290106204583,
    0.8725544997205142,
    0.9010620458356624,
    0.9100055897149245,
    0.9133594186696479,
    0.9245388485187256,
    0.9346003353828954,
    0.9418669647847959,
    0.9446618222470654,
    0.9485746226942426,
    0.9519284516489659,
    0.9575181665735047,
    0.9552822806036892,
    0.9603130240357741,
    0.9653437674678591,
    0.9619899385131359,
    0.9714924538848518,
    0.9731693683622136,
    0.9748462828395752,
    0.9754052543320291,
    0.9776411403018446,
    0.9765231973169368,
    0.9826718837339296,
    0.9798770262716602,
    0.9798770262716602,
    0.980435997764114,
    0.980435997764114,
    0.9826718837339296,
    0.9815539407490218,
    0.9832308552263834,
    0.9832308552263834,
    0.9787590832867524,
    0.9860257126886529,
    0.9837898267188373,
    0.9832308552263834,
    0.9826718837339296,
    0.9837898267188373,
    0.9865846841811068,
    0.9843487982112912,
    0.9837898267188373,
    0.9837898267188373,
    0.9843487982112912,
    0.9826718837339296,
    0.9826718837339296,
    0.9837898267188373,
    0.9826718837339296,
    0.9843487982112912,
    0.9826718837339296,
    0.9826718837339296,
    0.9821129122414757,
    0.9826718837339296,
    0.9843487982112912,
    0.9837898267188373,
    0.9832308552263834,
    0.9837898267188373,
    0.9832308552263834,
    0.9837898267188373,
    0.985466741196199
  ],