{
  "train_loss": [
    3.9890786644948735,
    3.0700578035053976,
    2.5820938712991515,
    2.2398903168569566,
    1.9946327535866515,
    1.7973134725070934,
    1.6517521902048196,
    1.5333126057838038,
    1.438032916167345,
    1.3655688734619191,
    1.2351304303141761,
    1.1845098293777938,
    1.1547420533407327,
    1.1325300127956595,
    1.1154029709739952,
    1.1027790930697714,
    1.0878110917813746,
    1.0772141243816507,
    1.0662623030772242,
    1.0575470668685742,
    1.0498476463365913,
    1.0406951200185086,
    1.0326476133108078,
    1.0268544125575518,
    1.021584208142878,
    1.0140502012633434,
    1.0084564947270938,
    1.003074211029225,
    0.9980588783229738,
    0.9939323957787957,
    0.9897203986473252,
    0.9849380729911049,
    0.9803296348640622,
    0.977517554088866,
    0.9738202216129308,
    0.9705029163599571,
    0.9659412713491647,
    0.9633679384938837,
    0.9603921088792231,
    0.9571215231676777,
    0.9543698134220473,
    0.9512419291330109,
    0.9489213975551252,
    0.9471891550422179,
    0.9440586067366619,
    0.941042374081811,
    0.9388352605900929,
    0.9374651981712595,
    0.9354701704466322,
    0.9330057137571537,
    0.9316895110054284,
    0.9290719243713058,
    0.9282862811173999,
    0.9255345229513148,
    0.9239517745709178,
    0.9242262732669986,
    0.9229872841180006,
    0.921350872584734,
    0.9216317745345934,
    0.9195385973659684,
    0.9207295746810713,
    0.9192066318739299,
    0.9194009302808415,
    0.9187835908561396,
    0.9203796621608412,
    0.9189776506711217,
    0.9194591189508035,
    0.918549611660698,
    0.9178344886725799,
    0.9174840430723045,
    0.9172188756095067,
    0.9175220219818409,
    0.9164771340754521,
    0.9167749580052945,
    0.9167066398641408,
    0.9167720931810207,
    0.9174734812499764,
    0.9161232378414098,
    0.9164860301778026,
    0.9164713504778135,
    0.9165138090625734,
    0.9159209098979363,
    0.9178634248223128,
    0.916964966673196,
    0.9174090280931543,
    0.9171345630579879
  ],
  "train_acc": [
    0.11233445858218645,
    0.30646585302518825,
    0.46120488184887043,
    0.586055569981823,
    0.6794339132692807,
    0.758893793819787,
    0.8137886263308232,
    0.8554661126980005,
    0.8850428460140223,
    0.9068293949623475,
    0.9437808361464555,
    0.9593352376006232,
    0.964476759283303,
    0.9691508699039211,
    0.9723188782134511,
    0.9743962607115035,
    0.9774084653336795,
    0.979641651519086,
    0.9808361464554661,
    0.9810438847052714,
    0.9825499870163594,
    0.9835627109841599,
    0.9845754349519605,
    0.9852246169826019,
    0.9862633082316281,
    0.9867826538561413,
    0.9872500649182031,
    0.987483770449234,
    0.9887821345105168,
    0.988756167229291,
    0.9889379381978707,
    0.989587120228512,
    0.9901843676967022,
    0.9900285640093482,
    0.9908075824461179,
    0.9907816151648923,
    0.9916125681641133,
    0.991171124383277,
    0.9916904700077902,
    0.9923915866008829,
    0.9919501428200468,
    0.9928070631004934,
    0.9924435211633342,
    0.992833030381719,
    0.9927810958192678,
    0.9930927031939756,
    0.993586081537263,
    0.9941833290054531,
    0.9939755907556479,
    0.9942612308491301,
    0.9941573617242275,
    0.9942871981303557,
    0.9940275253180992,
    0.9943910672552584,
    0.9945988055050636,
    0.9943131654115814,
    0.9947286419111919,
    0.9949623474422228,
    0.9949363801609972,
    0.995170085692028,
    0.9947546091924175,
    0.9950142820046741,
    0.9950921838483511,
    0.9949623474422228,
    0.9947026746299662,
    0.9951960529732538,
    0.9949363801609972,
    0.9952220202544794,
    0.9953518566606077,
    0.9947286419111919,
    0.995247987535705,
    0.9950142820046741,
    0.995403791223059,
    0.9948065437548689,
    0.9951181511295767,
    0.9955855621916385,
    0.9953258893793819,
    0.995403791223059,
    0.9954557257855102,
    0.9955855621916385,
    0.9952999220981563,
    0.9953258893793819,
    0.9952220202544794,
    0.995170085692028,
    0.994650740067515,
    0.9952739548169307
  ],
  "val_loss": [
    3.3233533193440064,
    2.818223812781345,
    2.5218163202967037,
    2.3238810937187404,
    2.1915125375089866,
    2.0802530622668876,
    2.003327069834266,
    1.9402123117260321,
    1.8929730522492667,
    1.8510570787330658,
    1.7106382932124555,
    1.6641300922668867,
    1.6282873985286264,
    1.6015000178735306,
    1.5784309095614046,
    1.5585993105236413,
    1.5438556791084848,
    1.5233994349212603,
    1.5121969293122055,
    1.5016614693113384,
    1.4879918067797793,
    1.4786354044151413,
    1.4666237916408003,
    1.4566154631907344,
    1.4460037384971418,
    1.4391934978288936,
    1.4265584605842279,
    1.4264593556848166,
    1.4160668069653968,
    1.4105690381858786,
    1.3999857834559568,
    1.4010399047591422,
    1.3884277505005718,
    1.3818413041169715,
    1.3824873786854837,
    1.37416216133026,
    1.3728279254501794,
    1.3656001568773461,
    1.3630720163071335,
    1.3550226249929378,
    1.356244713184619,
    1.348858385395244,
    1.3504790596085063,
    1.345379090628989,
    1.342369258836903,
    1.3344830311897282,
    1.3320419209972316,
    1.3347429600822787,
    1.325625517569553,
    1.3222523094089822,
    1.3217085216750373,
    1.3263019751809442,
    1.319642765086213,
    1.3153512752409284,
    1.3118782423940565,
    1.3155751204344066,
    1.3140197516553824,
    1.3108935185555575,
    1.3130796847895179,
    1.3106119759326678,
    1.309350478775745,
    1.3090108088636745,
    1.3111994383786896,
    1.3096037314816384,
    1.309320573502909,
    1.3085050720153006,
    1.3068210872076556,
    1.3101554454005984,
    1.307345082601267,
    1.3086236425456286,
    1.3081112167833904,
    1.3071139899627533,
    1.308175749456236,
    1.3086582462903573,
    1.3082716481654986,
    1.3070089936989389,
    1.3072256971298482,
    1.3078310085848899,
    1.3072376955548366,
    1.3072441116000368,
    1.3068732571641848,
    1.3067991720224106,
    1.306923421552689,
    1.3071940222420861,
    1.307535226415695,
    1.307169442872484
  ],