{
  "summary": {
    "overall_accuracy": 0.9082855653986451,
    "overall_macro_f1": 0.6934690104070697,
    "vokal_a_macro_f1": 0.9714321657443454,
    "vokal_non_a_macro_f1": 0.6321067821067821
  },
  "full_report": {
    "Vokal A_ba": {
      "precision": 0.9859154929577465,
      "recall": 0.9859154929577465,
      "f1-score": 0.9859154929577465,
      "support": 71.0
    },
    "Vokal A_ca": {
      "precision": 0.989010989010989,
      "recall": 0.989010989010989,
      "f1-score": 0.989010989010989,
      "support": 91.0
    },
    "Vokal A_da": {
      "precision": 0.9662921348314607,
      "recall": 0.945054945054945,
      "f1-score": 0.9555555555555556,
      "support": 91.0
    },
    "Vokal A_dha": {
      "precision": 0.9888888888888889,
      "recall": 0.967391304347826,
      "f1-score": 0.978021978021978,
      "support": 92.0
    },
    "Vokal A_ga": {
      "precision": 0.9605263157894737,
      "recall": 0.9864864864864865,
      "f1-score": 0.9733333333333334,
      "support": 74.0
    },
    "Vokal A_ha": {
      "precision": 0.9411764705882353,
      "recall": 0.9846153846153847,
      "f1-score": 0.9624060150375939,
      "support": 65.0
    },
    "Vokal A_ja": {
      "precision": 0.9787234042553191,
      "recall": 0.989247311827957,
      "f1-score": 0.983957219251337,
      "support": 93.0
    },
    "Vokal A_ka": {
      "precision": 0.9850746268656716,
      "recall": 1.0,
      "f1-score": 0.9924812030075187,
      "support": 66.0
    },
    "Vokal A_la": {
      "precision": 0.9552238805970149,
      "recall": 0.9552238805970149,
      "f1-score": 0.9552238805970149,
      "support": 67.0
    },
    "Vokal A_ma": {
      "precision": 0.989010989010989,
      "recall": 0.9782608695652174,
      "f1-score": 0.9836065573770492,
      "support": 92.0
    },
    "Vokal A_na": {
      "precision": 1.0,
      "recall": 0.9560439560439561,
      "f1-score": 0.9775280898876404,
      "support": 91.0
    },
    "Vokal A_nga": {
      "precision": 0.8823529411764706,
      "recall": 0.9375,
      "f1-score": 0.9090909090909091,
      "support": 16.0
    },
    "Vokal A_nya": {
      "precision": 0.971830985915493,
      "recall": 1.0,
      "f1-score": 0.9857142857142858,
      "support": 69.0
    },
    "Vokal A_pa": {
      "precision": 0.9891304347826086,
      "recall": 0.9680851063829787,
      "f1-score": 0.978494623655914,
      "support": 94.0
    },
    "Vokal A_ra": {
      "precision": 0.9859154929577465,
      "recall": 0.9722222222222222,
      "f1-score": 0.9790209790209791,
      "support": 72.0
    },
    "Vokal A_sa": {
      "precision": 0.92,
      "recall": 0.9787234042553191,
      "f1-score": 0.9484536082474226,
      "support": 94.0
    },
    "Vokal A_ta": {
      "precision": 1.0,
      "recall": 0.9705882352941176,
      "f1-score": 0.9850746268656716,
      "support": 68.0
    },
    "Vokal A_tha": {
      "precision": 0.8333333333333334,
      "recall": 0.9375,
      "f1-score": 0.8823529411764706,
      "support": 16.0
    },
    "Vokal A_wa": {
      "precision": 0.9887640449438202,
      "recall": 0.967032967032967,
      "f1-score": 0.9777777777777777,
      "support": 91.0
    },
    "Vokal A_ya": {
      "precision": 0.9904761904761905,
      "recall": 0.9904761904761905,
      "f1-score": 0.9904761904761905,
      "support": 105.0
    },
    "Vokal E_be": {
      "precision": 0.3333333333333333,
      "recall": 0.25,
      "f1-score": 0.2857142857142857,
      "support": 4.0
    },
    "Vokal E_ce": {
      "precision": 0.75,
      "recall": 0.75,
      "f1-score": 0.75,
      "support": 4.0
    },
    "Vokal E_de": {
      "precision": 0.6666666666666666,
      "recall": 0.5,
      "f1-score": 0.5714285714285714,
      "support": 4.0
    },
    "Vokal E_dhe": {
      "precision": 1.0,
      "recall": 0.75,
      "f1-score": 0.8571428571428571,
      "support": 4.0
    },
    "Vokal E_ge": {
      "precision": 1.0,
      "recall": 0.75,
      "f1-score": 0.8571428571428571,
      "support": 4.0
    },
    "Vokal E_he": {
      "precision": 0.5555555555555556,
      "recall": 1.0,
      "f1-score": 0.7142857142857143,
      "support": 5.0
    },
    "Vokal E_je": {
      "precision": 0.42857142857142855,
      "recall": 0.75,
      "f1-score": 0.5454545454545454,
      "support": 4.0
    },
    "Vokal E_ke": {
      "precision": 0.75,
      "recall": 0.75,
      "f1-score": 0.75,
      "support": 4.0
    },
    "Vokal E_le": {
      "precision": 1.0,
      "recall": 0.25,
      "f1-score": 0.4,
      "support": 4.0
    },
    "Vokal E_me": {
      "precision": 0.8,
      "recall": 1.0,
      "f1-score": 0.8888888888888888,
      "support": 4.0
    },
    "Vokal E_ne": {
      "precision": 0.6,
      "recall": 0.75,
      "f1-score": 0.6666666666666666,
      "support": 4.0
    },
    "Vokal E_nge": {
      "precision": 0.5,
      "recall": 0.25,
      "f1-score": 0.3333333333333333,
      "support": 4.0
    },
    "Vokal E_nye": {
      "precision": 0.5,
      "recall": 0.5,
      "f1-score": 0.5,
      "support": 4.0
    },
    "Vokal E_pe": {
      "precision": 0.0,
      "recall": 0.0,
      "f1-score": 0.0,
      "support": 4.0
    },
    "Vokal E_re": {
      "precision": 0.6,
      "recall": 0.75,
      "f1-score": 0.6666666666666666,
      "support": 4.0
    },
    "Vokal E_se": {
      "precision": 0.42857142857142855,
      "recall": 0.75,
      "f1-score": 0.5454545454545454,
      "support": 4.0
    },
    "Vokal E_te": {
      "precision": 0.3333333333333333,
      "recall": 0.25,
      "f1-score": 0.2857142857142857,
      "support": 4.0
    },
    "Vokal E_the": {
      "precision": 0.3333333333333333,
      "recall": 0.5,
      "f1-score": 0.4,
      "support": 4.0
    },
    "Vokal E_we": {
      "precision": 0.0,
      "recall": 0.0,
      "f1-score": 0.0,
      "support": 4.0
    },
    "Vokal E_ye": {
      "precision": 0.6666666666666666,
      "recall": 1.0,
      "f1-score": 0.8,
      "support": 4.0
    },
    "Vokal I_bi": {
      "precision": 0.5,
      "recall": 0.5,
      "f1-score": 0.5,
      "support": 4.0
    },
    "Vokal I_ci": {
      "precision": 0.8,
      "recall": 1.0,
      "f1-score": 0.8888888888888888,
      "support": 4.0
    },
    "Vokal I_dhi": {
      "precision": 1.0,
      "recall": 1.0,
      "f1-score": 1.0,
      "support": 4.0
    },
    "Vokal I_di": {
      "precision": 0.6,
      "recall": 0.75,
      "f1-score": 0.6666666666666666,
      "support": 4.0
    },
    "Vokal I_gi": {
      "precision": 0.75,
      "recall": 0.75,
      "f1-score": 0.75,
      "support": 4.0
    },
    "Vokal I_hi": {
      "precision": 0.6666666666666666,
      "recall": 0.5,
      "f1-score": 0.5714285714285714,
      "support": 4.0
    },
    "Vokal I_ji": {
      "precision": 0.8,
      "recall": 1.0,
      "f1-score": 0.8888888888888888,
      "support": 4.0
    },
    "Vokal I_ki": {
      "precision": 0.8,
      "recall": 1.0,
      "f1-score": 0.8888888888888888,
      "support": 4.0
    },
    "Vokal I_li": {
      "precision": 0.5,
      "recall": 1.0,
      "f1-score": 0.6666666666666666,
      "support": 4.0
    },
    "Vokal I_mi": {
      "precision": 0.6666666666666666,
      "recall": 1.0,
      "f1-score": 0.8,
      "support": 4.0
    },
    "Vokal I_ngi": {
      "precision": 0.5,
      "recall": 0.75,
      "f1-score": 0.6,
      "support": 4.0
    },
    "Vokal I_ni": {
      "precision": 0.75,
      "recall": 0.75,
      "f1-score": 0.75,
      "support": 4.0
    },
    "Vokal I_nyi": {
      "precision": 0.75,
      "recall": 0.75,
      "f1-score": 0.75,
      "support": 4.0
    },
    "Vokal I_pi": {
      "precision": 1.0,
      "recall": 0.75,
      "f1-score": 0.8571428571428571,
      "support": 4.0
    },
    "Vokal I_ri": {
      "precision": 0.6666666666666666,
      "recall": 0.5,
      "f1-score": 0.5714285714285714,
      "support": 4.0
    },
    "Vokal I_si": {
      "precision": 0.6666666666666666,
      "recall": 0.5,